"Survived","Pclass","Sex","Age","SibSp","Parch","Fare","Embarked"
"No","3","Male",22,1,0,7.25,"S"
"Yes","1","Female",38,1,0,71.2833,"C"
"Yes","3","Female",26,0,0,7.925,"S"
"Yes","1","Female",35,1,0,53.1,"S"
"No","3","Male",35,0,0,8.05,"S"
"No","3","Male",NA,0,0,8.4583,"Q"
"No","1","Male",54,0,0,51.8625,"S"
"No","3","Male",2,3,1,21.075,"S"
"Yes","3","Female",27,0,2,11.1333,"S"
"Yes","2","Female",14,1,0,30.0708,"C"
"Yes","3","Female",4,1,1,16.7,"S"
"Yes","1","Female",58,0,0,26.55,"S"
"No","3","Male",20,0,0,8.05,"S"
"No","3","Male",39,1,5,31.275,"S"
"No","3","Female",14,0,0,7.8542,"S"
"Yes","2","Female",55,0,0,16,"S"
"No","3","Male",2,4,1,29.125,"Q"
"Yes","2","Male",NA,0,0,13,"S"
"No","3","Female",31,1,0,18,"S"
"Yes","3","Female",NA,0,0,7.225,"C"
"No","2","Male",35,0,0,26,"S"
"Yes","2","Male",34,0,0,13,"S"
"Yes","3","Female",15,0,0,8.0292,"Q"
"Yes","1","Male",28,0,0,35.5,"S"
"No","3","Female",8,3,1,21.075,"S"
"Yes","3","Female",38,1,5,31.3875,"S"
"No","3","Male",NA,0,0,7.225,"C"
"No","1","Male",19,3,2,263,"S"
"Yes","3","Female",NA,0,0,7.8792,"Q"
"No","3","Male",NA,0,0,7.8958,"S"
"No","1","Male",40,0,0,27.7208,"C"
"Yes","1","Female",NA,1,0,146.5208,"C"
"Yes","3","Female",NA,0,0,7.75,"Q"
"No","2","Male",66,0,0,10.5,"S"
"No","1","Male",28,1,0,82.1708,"C"
"No","1","Male",42,1,0,52,"S"
"Yes","3","Male",NA,0,0,7.2292,"C"
"No","3","Male",21,0,0,8.05,"S"
"No","3","Female",18,2,0,18,"S"
"Yes","3","Female",14,1,0,11.2417,"C"
"No","3","Female",40,1,0,9.475,"S"
"No","2","Female",27,1,0,21,"S"
"No","3","Male",NA,0,0,7.8958,"C"
"Yes","2","Female",3,1,2,41.5792,"C"
"Yes","3","Female",19,0,0,7.8792,"Q"
"No","3","Male",NA,0,0,8.05,"S"
"No","3","Male",NA,1,0,15.5,"Q"
"Yes","3","Female",NA,0,0,7.75,"Q"
"No","3","Male",NA,2,0,21.6792,"C"
"No","3","Female",18,1,0,17.8,"S"
"No","3","Male",7,4,1,39.6875,"S"
"No","3","Male",21,0,0,7.8,"S"
"Yes","1","Female",49,1,0,76.7292,"C"
"Yes","2","Female",29,1,0,26,"S"
"No","1","Male",65,0,1,61.9792,"C"
"Yes","1","Male",NA,0,0,35.5,"S"
"Yes","2","Female",21,0,0,10.5,"S"
"No","3","Male",28.5,0,0,7.2292,"C"
"Yes","2","Female",5,1,2,27.75,"S"
"No","3","Male",11,5,2,46.9,"S"
"No","3","Male",22,0,0,7.2292,"C"
"Yes","1","Female",38,0,0,80,""
"No","1","Male",45,1,0,83.475,"S"
"No","3","Male",4,3,2,27.9,"S"
"No","1","Male",NA,0,0,27.7208,"C"
"Yes","3","Male",NA,1,1,15.2458,"C"
"Yes","2","Female",29,0,0,10.5,"S"
"No","3","Male",19,0,0,8.1583,"S"
"Yes","3","Female",17,4,2,7.925,"S"
"No","3","Male",26,2,0,8.6625,"S"
"No","2","Male",32,0,0,10.5,"S"
"No","3","Female",16,5,2,46.9,"S"
"No","2","Male",21,0,0,73.5,"S"
"No","3","Male",26,1,0,14.4542,"C"
"Yes","3","Male",32,0,0,56.4958,"S"
"No","3","Male",25,0,0,7.65,"S"
"No","3","Male",NA,0,0,7.8958,"S"
"No","3","Male",NA,0,0,8.05,"S"
"Yes","2","Male",0.83,0,2,29,"S"
"Yes","3","Female",30,0,0,12.475,"S"
"No","3","Male",22,0,0,9,"S"
"Yes","3","Male",29,0,0,9.5,"S"
"Yes","3","Female",NA,0,0,7.7875,"Q"
"No","1","Male",28,0,0,47.1,"S"
"Yes","2","Female",17,0,0,10.5,"S"
"Yes","3","Female",33,3,0,15.85,"S"
"No","3","Male",16,1,3,34.375,"S"
"No","3","Male",NA,0,0,8.05,"S"
"Yes","1","Female",23,3,2,263,"S"
"No","3","Male",24,0,0,8.05,"S"
"No","3","Male",29,0,0,8.05,"S"
"No","3","Male",20,0,0,7.8542,"S"
"No","1","Male",46,1,0,61.175,"S"
"No","3","Male",26,1,2,20.575,"S"
"No","3","Male",59,0,0,7.25,"S"
"No","3","Male",NA,0,0,8.05,"S"
"No","1","Male",71,0,0,34.6542,"C"
"Yes","1","Male",23,0,1,63.3583,"C"
"Yes","2","Female",34,0,1,23,"S"
"No","2","Male",34,1,0,26,"S"
"No","3","Female",28,0,0,7.8958,"S"
"No","3","Male",NA,0,0,7.8958,"S"
"No","1","Male",21,0,1,77.2875,"S"
"No","3","Male",33,0,0,8.6542,"S"
"No","3","Male",37,2,0,7.925,"S"
"No","3","Male",28,0,0,7.8958,"S"
"Yes","3","Female",21,0,0,7.65,"S"
"Yes","3","Male",NA,0,0,7.775,"S"
"No","3","Male",38,0,0,7.8958,"S"
"Yes","3","Female",NA,1,0,24.15,"Q"
"No","1","Male",47,0,0,52,"S"
"No","3","Female",14.5,1,0,14.4542,"C"
"No","3","Male",22,0,0,8.05,"S"
"No","3","Female",20,1,0,9.825,"S"
"No","3","Female",17,0,0,14.4583,"C"
"No","3","Male",21,0,0,7.925,"S"
"No","3","Male",70.5,0,0,7.75,"Q"
"No","2","Male",29,1,0,21,"S"
"No","1","Male",24,0,1,247.5208,"C"
"No","3","Female",2,4,2,31.275,"S"
"No","2","Male",21,2,0,73.5,"S"
"No","3","Male",NA,0,0,8.05,"S"
"No","2","Male",32.5,1,0,30.0708,"C"
"Yes","2","Female",32.5,0,0,13,"S"
"No","1","Male",54,0,1,77.2875,"S"
"Yes","3","Male",12,1,0,11.2417,"C"
"No","3","Male",NA,0,0,7.75,"Q"
"Yes","3","Male",24,0,0,7.1417,"S"
"Yes","3","Female",NA,1,1,22.3583,"C"
"No","3","Male",45,0,0,6.975,"S"
"No","3","Male",33,0,0,7.8958,"C"
"No","3","Male",20,0,0,7.05,"S"
"No","3","Female",47,1,0,14.5,"S"
"Yes","2","Female",29,1,0,26,"S"
"No","2","Male",25,0,0,13,"S"
"No","2","Male",23,0,0,15.0458,"C"
"Yes","1","Female",19,0,2,26.2833,"S"
"No","1","Male",37,1,0,53.1,"S"
"No","3","Male",16,0,0,9.2167,"S"
"No","1","Male",24,0,0,79.2,"C"
"No","3","Female",NA,0,2,15.2458,"C"
"Yes","3","Female",22,0,0,7.75,"S"
"Yes","3","Female",24,1,0,15.85,"S"
"No","3","Male",19,0,0,6.75,"Q"
"No","2","Male",18,0,0,11.5,"S"
"No","2","Male",19,1,1,36.75,"S"
"Yes","3","Male",27,0,0,7.7958,"S"
"No","3","Female",9,2,2,34.375,"S"
"No","2","Male",36.5,0,2,26,"S"
"No","2","Male",42,0,0,13,"S"
"No","2","Male",51,0,0,12.525,"S"
"Yes","1","Female",22,1,0,66.6,"S"
"No","3","Male",55.5,0,0,8.05,"S"
"No","3","Male",40.5,0,2,14.5,"S"
"No","3","Male",NA,0,0,7.3125,"S"
"No","1","Male",51,0,1,61.3792,"C"
"Yes","3","Female",16,0,0,7.7333,"Q"
"No","3","Male",30,0,0,8.05,"S"
"No","3","Male",NA,0,0,8.6625,"S"
"No","3","Male",NA,8,2,69.55,"S"
"No","3","Male",44,0,1,16.1,"S"
"Yes","2","Female",40,0,0,15.75,"S"
"No","3","Male",26,0,0,7.775,"S"
"No","3","Male",17,0,0,8.6625,"S"
"No","3","Male",1,4,1,39.6875,"S"
"Yes","3","Male",9,0,2,20.525,"S"
"Yes","1","Female",NA,0,1,55,"S"
"No","3","Female",45,1,4,27.9,"S"
"No","1","Male",NA,0,0,25.925,"S"
"No","3","Male",28,0,0,56.4958,"S"
"No","1","Male",61,0,0,33.5,"S"
"No","3","Male",4,4,1,29.125,"Q"
"Yes","3","Female",1,1,1,11.1333,"S"
"No","3","Male",21,0,0,7.925,"S"
"No","1","Male",56,0,0,30.6958,"C"
"No","3","Male",18,1,1,7.8542,"S"
"No","3","Male",NA,3,1,25.4667,"S"
"No","1","Female",50,0,0,28.7125,"C"
"No","2","Male",30,0,0,13,"S"
"No","3","Male",36,0,0,0,"S"
"No","3","Female",NA,8,2,69.55,"S"
"No","2","Male",NA,0,0,15.05,"C"
"No","3","Male",9,4,2,31.3875,"S"
"Yes","2","Male",1,2,1,39,"S"
"Yes","3","Female",4,0,2,22.025,"S"
"No","1","Male",NA,0,0,50,"S"
"Yes","3","Female",NA,1,0,15.5,"Q"
"Yes","1","Male",45,0,0,26.55,"S"
"No","3","Male",40,1,1,15.5,"Q"
"No","3","Male",36,0,0,7.8958,"S"
"Yes","2","Female",32,0,0,13,"S"
"No","2","Male",19,0,0,13,"S"
"Yes","3","Female",19,1,0,7.8542,"S"
"Yes","2","Male",3,1,1,26,"S"
"Yes","1","Female",44,0,0,27.7208,"C"
"Yes","1","Female",58,0,0,146.5208,"C"
"No","3","Male",NA,0,0,7.75,"Q"
"No","3","Male",42,0,1,8.4042,"S"
"Yes","3","Female",NA,0,0,7.75,"Q"
"No","2","Female",24,0,0,13,"S"
"No","3","Male",28,0,0,9.5,"S"
"No","3","Male",NA,8,2,69.55,"S"
"No","3","Male",34,0,0,6.4958,"S"
"No","3","Male",45.5,0,0,7.225,"C"
"Yes","3","Male",18,0,0,8.05,"S"
"No","3","Female",2,0,1,10.4625,"S"
"No","3","Male",32,1,0,15.85,"S"
"Yes","3","Male",26,0,0,18.7875,"C"
"Yes","3","Female",16,0,0,7.75,"Q"
"Yes","1","Male",40,0,0,31,"C"
"No","3","Male",24,0,0,7.05,"S"
"Yes","2","Female",35,0,0,21,"S"
"No","3","Male",22,0,0,7.25,"S"
"No","2","Male",30,0,0,13,"S"
"No","3","Male",NA,1,0,7.75,"Q"
"Yes","1","Female",31,1,0,113.275,"C"
"Yes","3","Female",27,0,0,7.925,"S"
"No","2","Male",42,1,0,27,"S"
"Yes","1","Female",32,0,0,76.2917,"C"
"No","2","Male",30,0,0,10.5,"S"
"Yes","3","Male",16,0,0,8.05,"S"
"No","2","Male",27,0,0,13,"S"
"No","3","Male",51,0,0,8.05,"S"
"No","3","Male",NA,0,0,7.8958,"S"
"Yes","1","Male",38,1,0,90,"S"
"No","3","Male",22,0,0,9.35,"S"
"Yes","2","Male",19,0,0,10.5,"S"
"No","3","Male",20.5,0,0,7.25,"S"
"No","2","Male",18,0,0,13,"S"
"No","3","Female",NA,3,1,25.4667,"S"
"Yes","1","Female",35,1,0,83.475,"S"
"No","3","Male",29,0,0,7.775,"S"
"No","2","Male",59,0,0,13.5,"S"
"Yes","3","Female",5,4,2,31.3875,"S"
"No","2","Male",24,0,0,10.5,"S"
"No","3","Female",NA,0,0,7.55,"S"
"No","2","Male",44,1,0,26,"S"
"Yes","2","Female",8,0,2,26.25,"S"
"No","2","Male",19,0,0,10.5,"S"
"No","2","Male",33,0,0,12.275,"S"
"No","3","Female",NA,1,0,14.4542,"C"
"Yes","3","Female",NA,1,0,15.5,"Q"
"No","2","Male",29,0,0,10.5,"S"
"No","3","Male",22,0,0,7.125,"S"
"No","3","Male",30,0,0,7.225,"C"
"No","1","Male",44,2,0,90,"Q"
"No","3","Female",25,0,0,7.775,"S"
"Yes","2","Female",24,0,2,14.5,"S"
"Yes","1","Male",37,1,1,52.5542,"S"
"No","2","Male",54,1,0,26,"S"
"No","3","Male",NA,0,0,7.25,"S"
"No","3","Female",29,1,1,10.4625,"S"
"No","1","Male",62,0,0,26.55,"S"
"No","3","Male",30,1,0,16.1,"S"
"No","3","Female",41,0,2,20.2125,"S"
"Yes","3","Female",29,0,2,15.2458,"C"
"Yes","1","Female",NA,0,0,79.2,"C"
"Yes","1","Female",30,0,0,86.5,"S"
"Yes","1","Female",35,0,0,512.3292,"C"
"Yes","2","Female",50,0,1,26,"S"
"No","3","Male",NA,0,0,7.75,"Q"
"Yes","3","Male",3,4,2,31.3875,"S"
"No","1","Male",52,1,1,79.65,"S"
"No","1","Male",40,0,0,0,"S"
"No","3","Female",NA,0,0,7.75,"Q"
"No","2","Male",36,0,0,10.5,"S"
"No","3","Male",16,4,1,39.6875,"S"
"Yes","3","Male",25,1,0,7.775,"S"
"Yes","1","Female",58,0,1,153.4625,"S"
"Yes","1","Female",35,0,0,135.6333,"S"
"No","1","Male",NA,0,0,31,"S"
"Yes","3","Male",25,0,0,0,"S"
"Yes","2","Female",41,0,1,19.5,"S"
"No","1","Male",37,0,1,29.7,"C"
"Yes","3","Female",NA,0,0,7.75,"Q"
"Yes","1","Female",63,1,0,77.9583,"S"
"No","3","Female",45,0,0,7.75,"S"
"No","2","Male",NA,0,0,0,"S"
"No","3","Male",7,4,1,29.125,"Q"
"Yes","3","Female",35,1,1,20.25,"S"
"No","3","Male",65,0,0,7.75,"Q"
"No","3","Male",28,0,0,7.8542,"S"
"No","3","Male",16,0,0,9.5,"S"
"Yes","3","Male",19,0,0,8.05,"S"
"No","1","Male",NA,0,0,26,"S"
"No","3","Male",33,0,0,8.6625,"C"
"Yes","3","Male",30,0,0,9.5,"S"
"No","3","Male",22,0,0,7.8958,"S"
"Yes","2","Male",42,0,0,13,"S"
"Yes","3","Female",22,0,0,7.75,"Q"
"Yes","1","Female",26,0,0,78.85,"S"
"Yes","1","Female",19,1,0,91.0792,"C"
"No","2","Male",36,0,0,12.875,"C"
"No","3","Female",24,0,0,8.85,"S"
"No","3","Male",24,0,0,7.8958,"S"
"No","1","Male",NA,0,0,27.7208,"C"
"No","3","Male",23.5,0,0,7.2292,"C"
"No","1","Female",2,1,2,151.55,"S"
"Yes","1","Male",NA,0,0,30.5,"S"
"Yes","1","Female",50,0,1,247.5208,"C"
"Yes","3","Female",NA,0,0,7.75,"Q"
"Yes","3","Male",NA,2,0,23.25,"Q"
"No","3","Male",19,0,0,0,"S"
"Yes","2","Female",NA,0,0,12.35,"Q"
"No","3","Male",NA,0,0,8.05,"S"
"Yes","1","Male",0.92,1,2,151.55,"S"
"Yes","1","Female",NA,0,0,110.8833,"C"
"Yes","1","Female",17,1,0,108.9,"C"
"No","2","Male",30,1,0,24,"C"
"Yes","1","Female",30,0,0,56.9292,"C"
"Yes","1","Female",24,0,0,83.1583,"C"
"Yes","1","Female",18,2,2,262.375,"C"
"No","2","Female",26,1,1,26,"S"
"No","3","Male",28,0,0,7.8958,"S"
"No","2","Male",43,1,1,26.25,"S"
"Yes","3","Female",26,0,0,7.8542,"S"
"Yes","2","Female",24,1,0,26,"S"
"No","2","Male",54,0,0,14,"S"
"Yes","1","Female",31,0,2,164.8667,"S"
"Yes","1","Female",40,1,1,134.5,"C"
"No","3","Male",22,0,0,7.25,"S"
"No","3","Male",27,0,0,7.8958,"S"
"Yes","2","Female",30,0,0,12.35,"Q"
"Yes","2","Female",22,1,1,29,"S"
"No","3","Male",NA,8,2,69.55,"S"
"Yes","1","Female",36,0,0,135.6333,"C"
"No","3","Male",61,0,0,6.2375,"S"
"Yes","2","Female",36,0,0,13,"S"
"Yes","3","Female",31,1,1,20.525,"S"
"Yes","1","Female",16,0,1,57.9792,"C"
"Yes","3","Female",NA,2,0,23.25,"Q"
"No","1","Male",45.5,0,0,28.5,"S"
"No","1","Male",38,0,1,153.4625,"S"
"No","3","Male",16,2,0,18,"S"
"Yes","1","Female",NA,1,0,133.65,"S"
"No","3","Male",NA,0,0,7.8958,"S"
"No","1","Male",29,1,0,66.6,"S"
"Yes","1","Female",41,0,0,134.5,"C"
"Yes","3","Male",45,0,0,8.05,"S"
"No","1","Male",45,0,0,35.5,"S"
"Yes","2","Male",2,1,1,26,"S"
"Yes","1","Female",24,3,2,263,"S"
"No","2","Male",28,0,0,13,"S"
"No","2","Male",25,0,0,13,"S"
"No","2","Male",36,0,0,13,"S"
"Yes","2","Female",24,0,0,13,"S"
"Yes","2","Female",40,0,0,13,"S"
"Yes","3","Female",NA,1,0,16.1,"S"
"Yes","3","Male",3,1,1,15.9,"S"
"No","3","Male",42,0,0,8.6625,"S"
"No","3","Male",23,0,0,9.225,"S"
"No","1","Male",NA,0,0,35,"S"
"No","3","Male",15,1,1,7.2292,"C"
"No","3","Male",25,1,0,17.8,"S"
"No","3","Male",NA,0,0,7.225,"C"
"No","3","Male",28,0,0,9.5,"S"
"Yes","1","Female",22,0,1,55,"S"
"No","2","Female",38,0,0,13,"S"
"Yes","3","Female",NA,0,0,7.8792,"Q"
"Yes","3","Female",NA,0,0,7.8792,"Q"
"No","3","Male",40,1,4,27.9,"S"
"No","2","Male",29,1,0,27.7208,"C"
"No","3","Female",45,0,1,14.4542,"C"
"No","3","Male",35,0,0,7.05,"S"
"No","3","Male",NA,1,0,15.5,"Q"
"No","3","Male",30,0,0,7.25,"S"
"Yes","1","Female",60,1,0,75.25,"C"
"Yes","3","Female",NA,0,0,7.2292,"C"
"Yes","3","Female",NA,0,0,7.75,"Q"
"Yes","1","Female",24,0,0,69.3,"C"
"Yes","1","Male",25,1,0,55.4417,"C"
"No","3","Male",18,1,0,6.4958,"S"
"No","3","Male",19,0,0,8.05,"S"
"No","1","Male",22,0,0,135.6333,"C"
"No","3","Female",3,3,1,21.075,"S"
"Yes","1","Female",NA,1,0,82.1708,"C"
"Yes","3","Female",22,0,0,7.25,"S"
"No","1","Male",27,0,2,211.5,"C"
"No","3","Male",20,0,0,4.0125,"C"
"No","3","Male",19,0,0,7.775,"S"
"Yes","1","Female",42,0,0,227.525,"C"
"Yes","3","Female",1,0,2,15.7417,"C"
"No","3","Male",32,0,0,7.925,"S"
"Yes","1","Female",35,1,0,52,"S"
"No","3","Male",NA,0,0,7.8958,"S"
"No","2","Male",18,0,0,73.5,"S"
"No","3","Male",1,5,2,46.9,"S"
"Yes","2","Female",36,0,0,13,"S"
"No","3","Male",NA,0,0,7.7292,"Q"
"Yes","2","Female",17,0,0,12,"C"
"Yes","1","Male",36,1,2,120,"S"
"Yes","3","Male",21,0,0,7.7958,"S"
"No","3","Male",28,2,0,7.925,"S"
"Yes","1","Female",23,1,0,113.275,"C"
"Yes","3","Female",24,0,2,16.7,"S"
"No","3","Male",22,0,0,7.7958,"S"
"No","3","Female",31,0,0,7.8542,"S"
"No","2","Male",46,0,0,26,"S"
"No","2","Male",23,0,0,10.5,"S"
"Yes","2","Female",28,0,0,12.65,"S"
"Yes","3","Male",39,0,0,7.925,"S"
"No","3","Male",26,0,0,8.05,"S"
"No","3","Female",21,1,0,9.825,"S"
"No","3","Male",28,1,0,15.85,"S"
"No","3","Female",20,0,0,8.6625,"S"
"No","2","Male",34,1,0,21,"S"
"No","3","Male",51,0,0,7.75,"S"
"Yes","2","Male",3,1,1,18.75,"S"
"No","3","Male",21,0,0,7.775,"S"
"No","3","Female",NA,3,1,25.4667,"S"
"No","3","Male",NA,0,0,7.8958,"S"
"No","3","Male",NA,0,0,6.8583,"Q"
"Yes","1","Female",33,1,0,90,"Q"
"No","2","Male",NA,0,0,0,"S"
"Yes","3","Male",44,0,0,7.925,"S"
"No","3","Female",NA,0,0,8.05,"S"
"Yes","2","Female",34,1,1,32.5,"S"
"Yes","2","Female",18,0,2,13,"S"
"No","2","Male",30,0,0,13,"S"
"No","3","Female",10,0,2,24.15,"S"
"No","3","Male",NA,0,0,7.8958,"C"
"No","3","Male",21,0,0,7.7333,"Q"
"No","3","Male",29,0,0,7.875,"S"
"No","3","Female",28,1,1,14.4,"S"
"No","3","Male",18,1,1,20.2125,"S"
"No","3","Male",NA,0,0,7.25,"S"
"Yes","2","Female",28,1,0,26,"S"
"Yes","2","Female",19,0,0,26,"S"
"No","3","Male",NA,0,0,7.75,"Q"
"Yes","3","Male",32,0,0,8.05,"S"
"Yes","1","Male",28,0,0,26.55,"S"
"Yes","3","Female",NA,1,0,16.1,"S"
"Yes","2","Female",42,1,0,26,"S"
"No","3","Male",17,0,0,7.125,"S"
"No","1","Male",50,1,0,55.9,"S"
"Yes","1","Female",14,1,2,120,"S"
"No","3","Female",21,2,2,34.375,"S"
"Yes","2","Female",24,2,3,18.75,"S"
"No","1","Male",64,1,4,263,"S"
"No","2","Male",31,0,0,10.5,"S"
"Yes","2","Female",45,1,1,26.25,"S"
"No","3","Male",20,0,0,9.5,"S"
"No","3","Male",25,1,0,7.775,"S"
"Yes","2","Female",28,0,0,13,"S"
"Yes","3","Male",NA,0,0,8.1125,"S"
"Yes","1","Male",4,0,2,81.8583,"S"
"Yes","2","Female",13,0,1,19.5,"S"
"Yes","1","Male",34,0,0,26.55,"S"
"Yes","3","Female",5,2,1,19.2583,"C"
"Yes","1","Male",52,0,0,30.5,"S"
"No","2","Male",36,1,2,27.75,"S"
"No","3","Male",NA,1,0,19.9667,"S"
"No","1","Male",30,0,0,27.75,"C"
"Yes","1","Male",49,1,0,89.1042,"C"
"No","3","Male",NA,0,0,8.05,"S"
"Yes","3","Male",29,0,0,7.8958,"C"
"No","1","Male",65,0,0,26.55,"S"
"Yes","1","Female",NA,1,0,51.8625,"S"
"Yes","2","Female",50,0,0,10.5,"S"
"No","3","Male",NA,0,0,7.75,"Q"
"Yes","1","Male",48,0,0,26.55,"S"
"No","3","Male",34,0,0,8.05,"S"
"No","1","Male",47,0,0,38.5,"S"
"No","2","Male",48,0,0,13,"S"
"No","3","Male",NA,0,0,8.05,"S"
"No","3","Male",38,0,0,7.05,"S"
"No","2","Male",NA,0,0,0,"S"
"No","1","Male",56,0,0,26.55,"S"
"No","3","Male",NA,0,0,7.725,"Q"
"Yes","3","Female",0.75,2,1,19.2583,"C"
"No","3","Male",NA,0,0,7.25,"S"
"No","3","Male",38,0,0,8.6625,"S"
"Yes","2","Female",33,1,2,27.75,"S"
"Yes","2","Female",23,0,0,13.7917,"C"
"No","3","Female",22,0,0,9.8375,"S"
"No","1","Male",NA,0,0,52,"S"
"No","2","Male",34,1,0,21,"S"
"No","3","Male",29,1,0,7.0458,"S"
"No","3","Male",22,0,0,7.5208,"S"
"Yes","3","Female",2,0,1,12.2875,"S"
"No","3","Male",9,5,2,46.9,"S"
"No","2","Male",NA,0,0,0,"S"
"No","3","Male",50,0,0,8.05,"S"
"Yes","3","Female",63,0,0,9.5875,"S"
"Yes","1","Male",25,1,0,91.0792,"C"
"No","3","Female",NA,3,1,25.4667,"S"
"Yes","1","Female",35,1,0,90,"S"
"No","1","Male",58,0,0,29.7,"C"
"No","3","Male",30,0,0,8.05,"S"
"Yes","3","Male",9,1,1,15.9,"S"
"No","3","Male",NA,1,0,19.9667,"S"
"No","3","Male",21,0,0,7.25,"S"
"No","1","Male",55,0,0,30.5,"S"
"No","1","Male",71,0,0,49.5042,"C"
"No","3","Male",21,0,0,8.05,"S"
"No","3","Male",NA,0,0,14.4583,"C"
"Yes","1","Female",54,1,0,78.2667,"C"
"No","3","Male",NA,0,0,15.1,"S"
"No","1","Female",25,1,2,151.55,"S"
"No","3","Male",24,0,0,7.7958,"S"
"No","3","Male",17,0,0,8.6625,"S"
"No","3","Female",21,0,0,7.75,"Q"
"No","3","Female",NA,0,0,7.6292,"Q"
"No","3","Female",37,0,0,9.5875,"S"
"Yes","1","Female",16,0,0,86.5,"S"
"No","1","Male",18,1,0,108.9,"C"
"Yes","2","Female",33,0,2,26,"S"
"Yes","1","Male",NA,0,0,26.55,"S"
"No","3","Male",28,0,0,22.525,"S"
"Yes","3","Male",26,0,0,56.4958,"S"
"Yes","3","Male",29,0,0,7.75,"Q"
"No","3","Male",NA,0,0,8.05,"S"
"Yes","1","Male",36,0,0,26.2875,"S"
"Yes","1","Female",54,1,0,59.4,"C"
"No","3","Male",24,0,0,7.4958,"S"
"No","1","Male",47,0,0,34.0208,"S"
"Yes","2","Female",34,0,0,10.5,"S"
"No","3","Male",NA,0,0,24.15,"Q"
"Yes","2","Female",36,1,0,26,"S"
"No","3","Male",32,0,0,7.8958,"S"
"Yes","1","Female",30,0,0,93.5,"S"
"No","3","Male",22,0,0,7.8958,"S"
"No","3","Male",NA,0,0,7.225,"C"
"Yes","1","Female",44,0,1,57.9792,"C"
"No","3","Male",NA,0,0,7.2292,"C"
"No","3","Male",40.5,0,0,7.75,"Q"
"Yes","2","Female",50,0,0,10.5,"S"
"No","1","Male",NA,0,0,221.7792,"S"
"No","3","Male",39,0,0,7.925,"S"
"No","2","Male",23,2,1,11.5,"S"
"Yes","2","Female",2,1,1,26,"S"
"No","3","Male",NA,0,0,7.2292,"C"
"No","3","Male",17,1,1,7.2292,"C"
"Yes","3","Female",NA,0,2,22.3583,"C"
"No","3","Female",30,0,0,8.6625,"S"
"Yes","2","Female",7,0,2,26.25,"S"
"No","1","Male",45,0,0,26.55,"S"
"Yes","1","Female",30,0,0,106.425,"C"
"No","3","Male",NA,0,0,14.5,"S"
"Yes","1","Female",22,0,2,49.5,"C"
"Yes","1","Female",36,0,2,71,"S"
"No","3","Female",9,4,2,31.275,"S"
"No","3","Female",11,4,2,31.275,"S"
"Yes","2","Male",32,1,0,26,"S"
"No","1","Male",50,1,0,106.425,"C"
"No","1","Male",64,0,0,26,"S"
"Yes","2","Female",19,1,0,26,"S"
"Yes","2","Male",NA,0,0,13.8625,"C"
"No","3","Male",33,1,1,20.525,"S"
"Yes","2","Male",8,1,1,36.75,"S"
"Yes","1","Male",17,0,2,110.8833,"C"
"No","2","Male",27,0,0,26,"S"
"No","3","Male",NA,0,0,7.8292,"Q"
"Yes","3","Male",22,0,0,7.225,"C"
"Yes","3","Female",22,0,0,7.775,"S"
"No","1","Male",62,0,0,26.55,"S"
"Yes","1","Female",48,1,0,39.6,"C"
"No","1","Male",NA,0,0,227.525,"C"
"Yes","1","Female",39,1,1,79.65,"S"
"Yes","3","Female",36,1,0,17.4,"S"
"No","3","Male",NA,0,0,7.75,"Q"
"No","3","Male",40,0,0,7.8958,"S"
"No","2","Male",28,0,0,13.5,"S"
"No","3","Male",NA,0,0,8.05,"S"
"No","3","Female",NA,0,0,8.05,"S"
"No","3","Male",24,2,0,24.15,"S"
"No","3","Male",19,0,0,7.8958,"S"
"No","3","Female",29,0,4,21.075,"S"
"No","3","Male",NA,0,0,7.2292,"C"
"Yes","3","Male",32,0,0,7.8542,"S"
"Yes","2","Male",62,0,0,10.5,"S"
"Yes","1","Female",53,2,0,51.4792,"S"
"Yes","1","Male",36,0,0,26.3875,"S"
"Yes","3","Female",NA,0,0,7.75,"Q"
"No","3","Male",16,0,0,8.05,"S"
"No","3","Male",19,0,0,14.5,"S"
"Yes","2","Female",34,0,0,13,"S"
"Yes","1","Female",39,1,0,55.9,"S"
"No","3","Female",NA,1,0,14.4583,"C"
"Yes","3","Male",32,0,0,7.925,"S"
"Yes","2","Female",25,1,1,30,"S"
"Yes","1","Female",39,1,1,110.8833,"C"
"No","2","Male",54,0,0,26,"S"
"No","1","Male",36,0,0,40.125,"C"
"No","3","Male",NA,0,0,8.7125,"C"
"Yes","1","Female",18,0,2,79.65,"S"
"No","2","Male",47,0,0,15,"S"
"Yes","1","Male",60,1,1,79.2,"C"
"No","3","Male",22,0,0,8.05,"S"
"No","3","Male",NA,0,0,8.05,"S"
"No","3","Male",35,0,0,7.125,"S"
"Yes","1","Female",52,1,0,78.2667,"C"
"No","3","Male",47,0,0,7.25,"S"
"No","3","Female",NA,0,2,7.75,"Q"
"No","2","Male",37,1,0,26,"S"
"No","3","Male",36,1,1,24.15,"S"
"Yes","2","Female",NA,0,0,33,"S"
"No","3","Male",49,0,0,0,"S"
"No","3","Male",NA,0,0,7.225,"C"
"Yes","1","Male",49,1,0,56.9292,"C"
"Yes","2","Female",24,2,1,27,"S"
"No","3","Male",NA,0,0,7.8958,"S"
"No","1","Male",NA,0,0,42.4,"S"
"No","3","Male",44,0,0,8.05,"S"
"Yes","1","Male",35,0,0,26.55,"C"
"No","3","Male",36,1,0,15.55,"S"
"No","3","Male",30,0,0,7.8958,"S"
"Yes","1","Male",27,0,0,30.5,"S"
"Yes","2","Female",22,1,2,41.5792,"C"
"Yes","1","Female",40,0,0,153.4625,"S"
"No","3","Female",39,1,5,31.275,"S"
"No","3","Male",NA,0,0,7.05,"S"
"Yes","3","Female",NA,1,0,15.5,"Q"
"No","3","Male",NA,0,0,7.75,"Q"
"No","3","Male",35,0,0,8.05,"S"
"Yes","2","Female",24,1,2,65,"S"
"No","3","Male",34,1,1,14.4,"S"
"No","3","Female",26,1,0,16.1,"S"
"Yes","2","Female",4,2,1,39,"S"
"No","2","Male",26,0,0,10.5,"S"
"No","3","Male",27,1,0,14.4542,"C"
"Yes","1","Male",42,1,0,52.5542,"S"
"Yes","3","Male",20,1,1,15.7417,"C"
"No","3","Male",21,0,0,7.8542,"S"
"No","3","Male",21,0,0,16.1,"S"
"No","1","Male",61,0,0,32.3208,"S"
"No","2","Male",57,0,0,12.35,"Q"
"Yes","1","Female",21,0,0,77.9583,"S"
"No","3","Male",26,0,0,7.8958,"S"
"No","3","Male",NA,0,0,7.7333,"Q"
"Yes","1","Male",80,0,0,30,"S"
"No","3","Male",51,0,0,7.0542,"S"
"Yes","1","Male",32,0,0,30.5,"C"
"No","1","Male",NA,0,0,0,"S"
"No","3","Female",9,3,2,27.9,"S"
"Yes","2","Female",28,0,0,13,"S"
"No","3","Male",32,0,0,7.925,"S"
"No","2","Male",31,1,1,26.25,"S"
"No","3","Female",41,0,5,39.6875,"S"
"No","3","Male",NA,1,0,16.1,"S"
"No","3","Male",20,0,0,7.8542,"S"
"Yes","1","Female",24,0,0,69.3,"C"
"No","3","Female",2,3,2,27.9,"S"
"Yes","3","Male",NA,0,0,56.4958,"S"
"Yes","3","Female",0.75,2,1,19.2583,"C"
"Yes","1","Male",48,1,0,76.7292,"C"
"No","3","Male",19,0,0,7.8958,"S"
"Yes","1","Male",56,0,0,35.5,"C"
"No","3","Male",NA,0,0,7.55,"S"
"Yes","3","Female",23,0,0,7.55,"S"
"No","3","Male",NA,0,0,7.8958,"S"
"Yes","2","Female",18,0,1,23,"S"
"No","3","Male",21,0,0,8.4333,"S"
"Yes","3","Female",NA,0,0,7.8292,"Q"
"No","3","Female",18,0,0,6.75,"Q"
"No","2","Male",24,2,0,73.5,"S"
"No","3","Male",NA,0,0,7.8958,"S"
"No","3","Female",32,1,1,15.5,"Q"
"No","2","Male",23,0,0,13,"S"
"No","1","Male",58,0,2,113.275,"C"
"Yes","1","Male",50,2,0,133.65,"S"
"No","3","Male",40,0,0,7.225,"C"
"No","1","Male",47,0,0,25.5875,"S"
"No","3","Male",36,0,0,7.4958,"S"
"Yes","3","Male",20,1,0,7.925,"S"
"No","2","Male",32,2,0,73.5,"S"
"No","2","Male",25,0,0,13,"S"
"No","3","Male",NA,0,0,7.775,"S"
"No","3","Male",43,0,0,8.05,"S"
"Yes","1","Female",NA,1,0,52,"S"
"Yes","2","Female",40,1,1,39,"S"
"No","1","Male",31,1,0,52,"S"
"No","2","Male",70,0,0,10.5,"S"
"Yes","2","Male",31,0,0,13,"S"
"No","2","Male",NA,0,0,0,"S"
"No","3","Male",18,0,0,7.775,"S"
"No","3","Male",24.5,0,0,8.05,"S"
"Yes","3","Female",18,0,0,9.8417,"S"
"No","3","Female",43,1,6,46.9,"S"
"Yes","1","Male",36,0,1,512.3292,"C"
"No","3","Female",NA,0,0,8.1375,"Q"
"Yes","1","Male",27,0,0,76.7292,"C"
"No","3","Male",20,0,0,9.225,"S"
"No","3","Male",14,5,2,46.9,"S"
"No","2","Male",60,1,1,39,"S"
"No","2","Male",25,1,2,41.5792,"C"
"No","3","Male",14,4,1,39.6875,"S"
"No","3","Male",19,0,0,10.1708,"S"
"No","3","Male",18,0,0,7.7958,"S"
"Yes","1","Female",15,0,1,211.3375,"S"
"Yes","1","Male",31,1,0,57,"S"
"Yes","3","Female",4,0,1,13.4167,"C"
"Yes","3","Male",NA,0,0,56.4958,"S"
"No","3","Male",25,0,0,7.225,"C"
"No","1","Male",60,0,0,26.55,"S"
"No","2","Male",52,0,0,13.5,"S"
"No","3","Male",44,0,0,8.05,"S"
"Yes","3","Female",NA,0,0,7.7333,"Q"
"No","1","Male",49,1,1,110.8833,"C"
"No","3","Male",42,0,0,7.65,"S"
"Yes","1","Female",18,1,0,227.525,"C"
"Yes","1","Male",35,0,0,26.2875,"S"
"No","3","Female",18,0,1,14.4542,"C"
"No","3","Male",25,0,0,7.7417,"Q"
"No","3","Male",26,1,0,7.8542,"S"
"No","2","Male",39,0,0,26,"S"
"Yes","2","Female",45,0,0,13.5,"S"
"Yes","1","Male",42,0,0,26.2875,"S"
"Yes","1","Female",22,0,0,151.55,"S"
"Yes","3","Male",NA,1,1,15.2458,"C"
"Yes","1","Female",24,0,0,49.5042,"C"
"No","1","Male",NA,0,0,26.55,"S"
"Yes","1","Male",48,1,0,52,"S"
"No","3","Male",29,0,0,9.4833,"S"
"No","2","Male",52,0,0,13,"S"
"No","3","Male",19,0,0,7.65,"S"
"Yes","1","Female",38,0,0,227.525,"C"
"Yes","2","Female",27,0,0,10.5,"S"
"No","3","Male",NA,0,0,15.5,"Q"
"No","3","Male",33,0,0,7.775,"S"
"Yes","2","Female",6,0,1,33,"S"
"No","3","Male",17,1,0,7.0542,"S"
"No","2","Male",34,0,0,13,"S"
"No","2","Male",50,0,0,13,"S"
"Yes","1","Male",27,1,0,53.1,"S"
"No","3","Male",20,0,0,8.6625,"S"
"Yes","2","Female",30,3,0,21,"S"
"Yes","3","Female",NA,0,0,7.7375,"Q"
"No","2","Male",25,1,0,26,"S"
"No","3","Female",25,1,0,7.925,"S"
"Yes","1","Female",29,0,0,211.3375,"S"
"No","3","Male",11,0,0,18.7875,"C"
"No","2","Male",NA,0,0,0,"S"
"No","2","Male",23,0,0,13,"S"
"No","2","Male",23,0,0,13,"S"
"No","3","Male",28.5,0,0,16.1,"S"
"No","3","Female",48,1,3,34.375,"S"
"Yes","1","Male",35,0,0,512.3292,"C"
"No","3","Male",NA,0,0,7.8958,"S"
"No","3","Male",NA,0,0,7.8958,"S"
"Yes","1","Male",NA,0,0,30,"S"
"No","1","Male",36,1,0,78.85,"S"
"Yes","1","Female",21,2,2,262.375,"C"
"No","3","Male",24,1,0,16.1,"S"
"Yes","3","Male",31,0,0,7.925,"S"
"No","1","Male",70,1,1,71,"S"
"No","3","Male",16,1,1,20.25,"S"
"Yes","2","Female",30,0,0,13,"S"
"No","1","Male",19,1,0,53.1,"S"
"No","3","Male",31,0,0,7.75,"Q"
"Yes","2","Female",4,1,1,23,"S"
"Yes","3","Male",6,0,1,12.475,"S"
"No","3","Male",33,0,0,9.5,"S"
"No","3","Male",23,0,0,7.8958,"S"
"Yes","2","Female",48,1,2,65,"S"
"Yes","2","Male",0.67,1,1,14.5,"S"
"No","3","Male",28,0,0,7.7958,"S"
"No","2","Male",18,0,0,11.5,"S"
"No","3","Male",34,0,0,8.05,"S"
"Yes","1","Female",33,0,0,86.5,"S"
"No","3","Male",NA,0,0,14.5,"S"
"No","3","Male",41,0,0,7.125,"S"
"Yes","3","Male",20,0,0,7.2292,"C"
"Yes","1","Female",36,1,2,120,"S"
"No","3","Male",16,0,0,7.775,"S"
"Yes","1","Female",51,1,0,77.9583,"S"
"No","1","Male",NA,0,0,39.6,"C"
"No","3","Female",30.5,0,0,7.75,"Q"
"No","3","Male",NA,1,0,24.15,"Q"
"No","3","Male",32,0,0,8.3625,"S"
"No","3","Male",24,0,0,9.5,"S"
"No","3","Male",48,0,0,7.8542,"S"
"No","2","Female",57,0,0,10.5,"S"
"No","3","Male",NA,0,0,7.225,"C"
"Yes","2","Female",54,1,3,23,"S"
"No","3","Male",18,0,0,7.75,"S"
"No","3","Male",NA,0,0,7.75,"Q"
"Yes","3","Female",5,0,0,12.475,"S"
"No","3","Male",NA,0,0,7.7375,"Q"
"Yes","1","Female",43,0,1,211.3375,"S"
"Yes","3","Female",13,0,0,7.2292,"C"
"Yes","1","Female",17,1,0,57,"S"
"No","1","Male",29,0,0,30,"S"
"No","3","Male",NA,1,2,23.45,"S"
"No","3","Male",25,0,0,7.05,"S"
"No","3","Male",25,0,0,7.25,"S"
"Yes","3","Female",18,0,0,7.4958,"S"
"No","3","Male",8,4,1,29.125,"Q"
"Yes","3","Male",1,1,2,20.575,"S"
"No","1","Male",46,0,0,79.2,"C"
"No","3","Male",NA,0,0,7.75,"Q"
"No","2","Male",16,0,0,26,"S"
"No","3","Female",NA,8,2,69.55,"S"
"No","1","Male",NA,0,0,30.6958,"C"
"No","3","Male",25,0,0,7.8958,"S"
"No","2","Male",39,0,0,13,"S"
"Yes","1","Female",49,0,0,25.9292,"S"
"Yes","3","Female",31,0,0,8.6833,"S"
"No","3","Male",30,0,0,7.2292,"C"
"No","3","Female",30,1,1,24.15,"S"
"No","2","Male",34,0,0,13,"S"
"Yes","2","Female",31,1,1,26.25,"S"
"Yes","1","Male",11,1,2,120,"S"
"Yes","3","Male",0.42,0,1,8.5167,"C"
"Yes","3","Male",27,0,0,6.975,"S"
"No","3","Male",31,0,0,7.775,"S"
"No","1","Male",39,0,0,0,"S"
"No","3","Female",18,0,0,7.775,"S"
"No","2","Male",39,0,0,13,"S"
"Yes","1","Female",33,1,0,53.1,"S"
"No","3","Male",26,0,0,7.8875,"S"
"No","3","Male",39,0,0,24.15,"S"
"No","2","Male",35,0,0,10.5,"S"
"No","3","Female",6,4,2,31.275,"S"
"No","3","Male",30.5,0,0,8.05,"S"
"No","1","Male",NA,0,0,0,"S"
"No","3","Female",23,0,0,7.925,"S"
"No","2","Male",31,1,1,37.0042,"C"
"No","3","Male",43,0,0,6.45,"S"
"No","3","Male",10,3,2,27.9,"S"
"Yes","1","Female",52,1,1,93.5,"S"
"Yes","3","Male",27,0,0,8.6625,"S"
"No","1","Male",38,0,0,0,"S"
"Yes","3","Female",27,0,1,12.475,"S"
"No","3","Male",2,4,1,39.6875,"S"
"No","3","Male",NA,0,0,6.95,"Q"
"No","3","Male",NA,0,0,56.4958,"S"
"Yes","2","Male",1,0,2,37.0042,"C"
"Yes","3","Male",NA,0,0,7.75,"Q"
"Yes","1","Female",62,0,0,80,""
"Yes","3","Female",15,1,0,14.4542,"C"
"Yes","2","Male",0.83,1,1,18.75,"S"
"No","3","Male",NA,0,0,7.2292,"C"
"No","3","Male",23,0,0,7.8542,"S"
"No","3","Male",18,0,0,8.3,"S"
"Yes","1","Female",39,1,1,83.1583,"C"
"No","3","Male",21,0,0,8.6625,"S"
"No","3","Male",NA,0,0,8.05,"S"
"Yes","3","Male",32,0,0,56.4958,"S"
"Yes","1","Male",NA,0,0,29.7,"C"
"No","3","Male",20,0,0,7.925,"S"
"No","2","Male",16,0,0,10.5,"S"
"Yes","1","Female",30,0,0,31,"C"
"No","3","Male",34.5,0,0,6.4375,"C"
"No","3","Male",17,0,0,8.6625,"S"
"No","3","Male",42,0,0,7.55,"S"
"No","3","Male",NA,8,2,69.55,"S"
"No","3","Male",35,0,0,7.8958,"C"
"No","2","Male",28,0,1,33,"S"
"Yes","1","Female",NA,1,0,89.1042,"C"
"No","3","Male",4,4,2,31.275,"S"
"No","3","Male",74,0,0,7.775,"S"
"No","3","Female",9,1,1,15.2458,"C"
"Yes","1","Female",16,0,1,39.4,"S"
"No","2","Female",44,1,0,26,"S"
"Yes","3","Female",18,0,1,9.35,"S"
"Yes","1","Female",45,1,1,164.8667,"S"
"Yes","1","Male",51,0,0,26.55,"S"
"Yes","3","Female",24,0,3,19.2583,"C"
"No","3","Male",NA,0,0,7.2292,"C"
"No","3","Male",41,2,0,14.1083,"S"
"No","2","Male",21,1,0,11.5,"S"
"Yes","1","Female",48,0,0,25.9292,"S"
"No","3","Female",NA,8,2,69.55,"S"
"No","2","Male",24,0,0,13,"S"
"Yes","2","Female",42,0,0,13,"S"
"Yes","2","Female",27,1,0,13.8583,"C"
"No","1","Male",31,0,0,50.4958,"S"
"No","3","Male",NA,0,0,9.5,"S"
"Yes","3","Male",4,1,1,11.1333,"S"
"No","3","Male",26,0,0,7.8958,"S"
"Yes","1","Female",47,1,1,52.5542,"S"
"No","1","Male",33,0,0,5,"S"
"No","3","Male",47,0,0,9,"S"
"Yes","2","Female",28,1,0,24,"C"
"Yes","3","Female",15,0,0,7.225,"C"
"No","3","Male",20,0,0,9.8458,"S"
"No","3","Male",19,0,0,7.8958,"S"
"No","3","Male",NA,0,0,7.8958,"S"
"Yes","1","Female",56,0,1,83.1583,"C"
"Yes","2","Female",25,0,1,26,"S"
"No","3","Male",33,0,0,7.8958,"S"
"No","3","Female",22,0,0,10.5167,"S"
"No","2","Male",28,0,0,10.5,"S"
"No","3","Male",25,0,0,7.05,"S"
"No","3","Female",39,0,5,29.125,"Q"
"No","2","Male",27,0,0,13,"S"
"Yes","1","Female",19,0,0,30,"S"
"No","3","Female",NA,1,2,23.45,"S"
"Yes","1","Male",26,0,0,30,"C"
"No","3","Male",32,0,0,7.75,"Q"
